timestamp, decisao, erro
1770323617.5899043,Em frente,0.0
1770323617.6406322,Em frente,0.0
1770323617.7039738,Em frente,0.0
1770323617.7628357,Em frente,0.0
1770323617.8073273,Em frente,0.0
1770323617.8557708,Curva a Esquerda,-0.5
1770323617.9015296,Em frente,0.0
1770323617.9497,Em frente,0.0
1770323617.9983792,Em frente,0.0
1770323618.0440443,Em frente,0.5
1770323618.0948026,Em frente,0.5
1770323618.159521,Em frente,0.0
1770323618.2049894,Em frente,0.5
1770323618.2532902,Em frente,0.5
1770323618.3014638,Em frente,0.5
1770323618.349142,Em frente,0.5
1770323618.3997626,Em frente,0.5
1770323618.445319,Em frente,0.5
1770323618.5136635,Em frente,0.5
1770323618.558863,Em frente,0.5
1770323618.6069021,Em frente,0.5
1770323618.6534092,Em frente,0.5
1770323618.7050667,Em frente,0.5
1770323618.7483404,Em frente,0.5
1770323618.823272,Em frente,0.5
1770323618.8846126,Em frente,0.5
1770323618.9410577,Em frente,0.5
1770323619.0078108,Em frente,0.5
1770323619.052987,Em frente,0.5
1770323619.1009266,Em frente,0.5
1770323619.1481252,Em frente,0.5
1770323619.1929572,Em frente,0.5
1770323619.2592988,Em frente,0.5
1770323619.3101983,Em frente,0.5
1770323619.351636,Em frente,0.5
1770323619.3981194,Em frente,0.5
1770323619.4446251,Em frente,0.5
1770323619.4925878,Em frente,0.5
1770323619.5664885,Em frente,0.5
1770323619.6480289,Em frente,0.5
1770323619.7143512,Em frente,0.5
1770323619.765324,Em frente,0.5
1770323619.8250608,Em frente,0.5
1770323619.8816183,Em frente,0.5
1770323619.941464,Em frente,0.5
1770323619.9907923,Curva a Esquerda,-1.0
1770323620.0334666,Curva a Esquerda,-1.0
1770323620.0820735,Curva a Esquerda,-2.5
1770323620.1480753,Curva a Esquerda,-3.5
1770323620.192093,Curva a Esquerda,-5.0
1770323620.2421496,Curva a Esquerda,-6.5
1770323620.30745,Curva a Esquerda,-8.5
1770323620.3603928,Curva a Esquerda,-10.0
1770323620.4462152,Curva a Esquerda,-11.0
1770323620.5037837,Curva a Esquerda,-13.0
1770323620.572688,Curva a Esquerda,-12.5
1770323620.6238801,Curva a Esquerda,-13.5
1770323620.6715467,Curva a Esquerda,-13.5
1770323620.7362146,Curva a Esquerda,-13.5
1770323620.7926948,Curva a Esquerda,-13.5
1770323620.8443098,Curva a Esquerda,-13.5
1770323620.890578,Curva a Esquerda,-13.5
1770323620.9630935,Curva a Esquerda,-13.0
1770323621.044307,Curva a Esquerda,-14.0
1770323621.0966935,Curva a Esquerda,-14.0
1770323621.1459858,Curva a Esquerda,-14.5
1770323621.1925237,Curva a Esquerda,-15.5
1770323621.239712,Curva a Esquerda,-16.0
1770323621.3163502,Curva a Esquerda,-16.5
1770323621.375599,Curva a Esquerda,-17.5
1770323621.4402359,Curva a Esquerda,-18.5
1770323621.5228748,Curva a Esquerda,-19.0
1770323621.5865173,Curva a Esquerda,-20.0
1770323621.6523952,Curva a Esquerda,-20.5
1770323621.7144623,Curva a Esquerda,-21.0
1770323621.7924962,Curva a Esquerda,-21.5
1770323621.846532,Curva a Esquerda,-22.0
1770323621.8916173,Curva a Esquerda,-22.0
1770323621.9397643,Curva a Esquerda,-22.0
1770323621.985336,Curva a Esquerda,-22.0
1770323622.056976,Curva a Esquerda,-22.0
1770323622.1037412,Curva a Esquerda,-21.0
1770323622.144883,Curva a Esquerda,-21.0
1770323622.1935806,Curva a Esquerda,-20.5
1770323622.2395418,Curva a Esquerda,-20.0
1770323622.2894735,Curva a Esquerda,-19.5
1770323622.3511431,Curva a Esquerda,-18.5
1770323622.4129145,Curva a Esquerda,-18.0
1770323622.4632554,Curva a Esquerda,-17.5
1770323622.5087,Curva a Esquerda,-16.5
1770323622.576097,Curva a Esquerda,-16.5
1770323622.6259704,Curva a Esquerda,-15.0
1770323622.668611,Curva a Esquerda,-14.0
1770323622.718337,Curva a Esquerda,-13.0
1770323622.7638738,Curva a Esquerda,-12.5
1770323622.813147,Curva a Esquerda,-11.0
1770323622.858897,Curva a Esquerda,-10.5
1770323622.9078183,Curva a Esquerda,-9.5
1770323622.9555764,Curva a Esquerda,-8.5
1770323623.0133073,Curva a Esquerda,-7.0
1770323623.0662549,Curva a Esquerda,-6.0
1770323623.2031598,Curva a Esquerda,-5.0
1770323623.2569244,Curva a Esquerda,-4.0
1770323623.3232288,Curva a Esquerda,-3.0
1770323623.3865216,Curva a Esquerda,-2.5
1770323623.4351227,Curva a Esquerda,-1.0
1770323623.4791512,Curva a Esquerda,-0.5
1770323623.5261827,Em frente,0.5
1770323623.5986855,Em frente,1.5
1770323623.6640844,Em frente,1.0
1770323623.7495615,Em frente,1.0
1770323623.808648,Em frente,1.0
1770323623.8717465,Em frente,2.0
1770323623.9568503,Em frente,1.0
1770323624.0171108,Em frente,1.5
1770323624.0772412,Em frente,1.0
1770323624.1405556,Em frente,0.5
1770323624.2295978,Em frente,0.0
1770323624.3032072,Curva a Esquerda,-1.0
1770323624.36158,Curva a Esquerda,-1.0
1770323624.421254,Curva a Esquerda,-1.0
1770323624.4656258,Curva a Esquerda,-3.0
1770323624.5136268,Curva a Esquerda,-4.5
1770323624.5607798,Curva a Esquerda,-4.5
1770323624.6079438,Curva a Esquerda,-5.0
1770323624.6549776,Curva a Esquerda,-6.5
1770323624.7022524,Curva a Esquerda,-6.5
1770323624.767585,Curva a Esquerda,-7.5
1770323624.8167121,Curva a Esquerda,-8.0
1770323624.859979,Curva a Esquerda,-8.0
1770323624.9068964,Curva a Esquerda,-9.0
1770323625.0893347,Curva a Esquerda,-8.0
1770323625.156051,Curva a Esquerda,-9.0
1770323625.2248523,Curva a Esquerda,-8.0
1770323625.2874007,Curva a Esquerda,-7.5
1770323625.3380032,Curva a Esquerda,-7.5
1770323625.3856785,Curva a Esquerda,-7.0
1770323625.430639,Curva a Esquerda,-7.0
1770323625.4790943,Curva a Esquerda,-6.5
1770323625.525342,Curva a Esquerda,-6.5
1770323625.5935442,Curva a Esquerda,-6.0
1770323625.6386752,Curva a Esquerda,-6.5
1770323625.6862774,Curva a Esquerda,-5.5
1770323625.7361186,Curva a Esquerda,-6.5
1770323625.7793317,Curva a Esquerda,-7.5
1770323625.849452,Curva a Esquerda,-8.0
1770323625.8970337,Curva a Esquerda,-9.0
1770323625.9380217,Curva a Esquerda,-9.0
1770323625.9878597,Curva a Esquerda,-10.0
1770323626.034928,Curva a Esquerda,-11.0
1770323626.0820425,Curva a Esquerda,-12.0
1770323626.1455424,Curva a Esquerda,-12.5
1770323626.1984146,Curva a Esquerda,-12.5
1770323626.2470174,Curva a Esquerda,-13.5
1770323626.288105,Curva a Esquerda,-13.5
1770323626.3350668,Curva a Esquerda,-14.0
1770323626.3846474,Curva a Esquerda,-15.0
1770323626.4299865,Curva a Esquerda,-15.0
1770323626.5063117,Curva a Esquerda,-15.0
1770323626.568279,Curva a Esquerda,-15.0
1770323626.6243918,Curva a Esquerda,-16.0
1770323626.669205,Curva a Esquerda,-16.0
1770323626.7386124,Curva a Esquerda,-16.5
1770323626.7872503,Curva a Esquerda,-16.5
1770323626.8273907,Curva a Esquerda,-17.0
1770323626.892595,Curva a Esquerda,-18.0
1770323626.943842,Curva a Esquerda,-18.0
1770323626.9853194,Curva a Esquerda,-18.0
1770323627.0348244,Curva a Esquerda,-19.0
1770323627.0807648,Curva a Esquerda,-19.0
1770323627.1288116,Curva a Esquerda,-19.5
1770323627.1763568,Curva a Esquerda,-20.0
1770323627.2351434,Curva a Esquerda,-20.0
1770323627.3047616,Curva a Esquerda,-21.0
1770323627.3663027,Curva a Esquerda,-21.0
1770323627.430186,Curva a Esquerda,-21.0
1770323627.4798832,Curva a Esquerda,-21.0
1770323627.5544803,Curva a Esquerda,-21.0
1770323627.619214,Curva a Esquerda,-20.5
1770323627.6804636,Curva a Esquerda,-20.5
1770323627.744196,Curva a Esquerda,-20.0
1770323627.8291118,Curva a Esquerda,-19.5
1770323627.89039,Curva a Esquerda,-19.0
1770323627.956617,Curva a Esquerda,-18.0
1770323628.016511,Curva a Esquerda,-17.5
1770323628.0999818,Curva a Esquerda,-16.5
1770323628.166075,Curva a Esquerda,-16.0
1770323628.2145743,Curva a Esquerda,-15.0
1770323628.2702897,Curva a Esquerda,-14.5
1770323628.3236132,Curva a Esquerda,-13.5
1770323628.3710866,Curva a Esquerda,-12.5
1770323628.4191039,Curva a Esquerda,-11.5
1770323628.4656525,Curva a Esquerda,-11.0
1770323628.513734,Curva a Esquerda,-11.0
1770323628.5768397,Curva a Esquerda,-10.0
1770323628.6304681,Curva a Esquerda,-9.0
1770323628.6807399,Curva a Esquerda,-7.5
1770323628.7347403,Curva a Esquerda,-6.5
1770323628.7835305,Curva a Esquerda,-6.0
1770323628.849653,Curva a Esquerda,-5.5
1770323628.9055262,Curva a Esquerda,-4.0
1770323628.9584837,Curva a Esquerda,-4.0
1770323629.0048254,Curva a Esquerda,-4.0
1770323629.0543709,Curva a Esquerda,-3.0
1770323629.1133265,Curva a Esquerda,-2.5
1770323629.1638482,Curva a Esquerda,-2.0
1770323629.235664,Curva a Esquerda,-2.5
1770323629.2955709,Curva a Esquerda,-3.0
1770323629.3596659,Curva a Esquerda,-4.0
1770323629.4041495,Curva a Esquerda,-4.5
1770323629.4504204,Curva a Esquerda,-5.0
1770323629.4978557,Curva a Esquerda,-5.0
1770323629.5448792,Curva a Esquerda,-5.5
1770323629.5935419,Curva a Esquerda,-5.0
1770323629.6554153,Curva a Esquerda,-5.5
1770323629.7102256,Curva a Esquerda,-5.5
1770323629.766821,Curva a Esquerda,-5.0
1770323629.814156,Curva a Esquerda,-4.0
1770323629.8633647,Curva a Esquerda,-4.0
1770323629.9082153,Curva a Esquerda,-3.0
1770323629.9794612,Curva a Esquerda,-2.0
1770323630.0409503,Curva a Esquerda,-1.0
1770323630.0864289,Em frente,0.0
1770323630.1305518,Em frente,0.5
1770323630.176322,Em frente,1.0
1770323630.2373195,Em frente,0.5
1770323630.28791,Em frente,0.0
1770323630.3347125,Em frente,1.5
1770323630.3965528,Em frente,1.5
1770323630.4454024,Em frente,2.0
1770323630.4945743,Em frente,1.5
1770323630.5408075,Em frente,2.0
1770323630.6200025,Em frente,1.0
1770323630.668048,Em frente,2.0
1770323630.715225,Em frente,1.0
1770323630.7624915,Em frente,0.5
1770323630.831025,Em frente,0.5
1770323630.873526,Curva a Esquerda,-1.0
1770323630.921319,Curva a Esquerda,-1.0
1770323630.9680169,Curva a Esquerda,-2.0
1770323631.0157776,Curva a Esquerda,-2.0
1770323631.064579,Curva a Esquerda,-2.5
1770323631.1098106,Curva a Esquerda,-2.5
1770323631.188461,Curva a Esquerda,-2.5
1770323631.2469022,Curva a Esquerda,-2.0
1770323631.3197486,Curva a Esquerda,-1.5
1770323631.3875475,Em frente,0.0
1770323631.42832,Em frente,0.5
1770323631.477053,Curva a Esquerda,-0.5
1770323631.5265226,Curva a Esquerda,-0.5
1770323631.571779,Curva a Esquerda,-1.0
1770323631.63458,Curva a Esquerda,-1.5
1770323631.6891525,Curva a Esquerda,-2.5
1770323631.7312624,Curva a Esquerda,-3.0
1770323632.0119238,Curva a Esquerda,-4.0
1770323632.063666,Curva a Esquerda,-5.0
1770323632.1241856,Curva a Esquerda,-5.5
1770323632.1637821,Curva a Esquerda,-6.5
1770323632.2144594,Curva a Esquerda,-7.0
1770323632.2594657,Curva a Esquerda,-7.5
1770323632.3082867,Curva a Esquerda,-8.5
1770323632.3707733,Curva a Esquerda,-9.0
1770323632.4244814,Curva a Esquerda,-9.5
1770323632.473554,Curva a Esquerda,-10.0
1770323632.5148609,Curva a Esquerda,-10.5
1770323632.5867183,Curva a Esquerda,-10.5
1770323632.6684575,Curva a Esquerda,-11.5
1770323632.721145,Curva a Esquerda,-12.0
1770323632.770303,Curva a Esquerda,-12.5
1770323632.816759,Curva a Esquerda,-12.5
1770323632.881578,Curva a Esquerda,-13.5
1770323632.928342,Curva a Esquerda,-14.0
1770323632.9908094,Curva a Esquerda,-14.0
1770323633.0398662,Curva a Esquerda,-14.0
1770323633.087997,Curva a Esquerda,-14.5
1770323633.135182,Curva a Esquerda,-15.0
1770323633.2068799,Curva a Esquerda,-15.0
1770323633.2684553,Curva a Esquerda,-15.0
1770323633.3595364,Curva a Esquerda,-15.0
1770323633.4105523,Curva a Esquerda,-16.0
1770323633.4684875,Curva a Esquerda,-16.0
1770323633.540578,Curva a Esquerda,-16.5
1770323633.6009822,Curva a Esquerda,-16.5
1770323633.6752992,Curva a Esquerda,-17.0
1770323633.7231824,Curva a Esquerda,-17.5
1770323633.7749267,Curva a Esquerda,-18.0
1770323633.8304698,Curva a Esquerda,-18.0
1770323633.8998039,Curva a Esquerda,-18.5
1770323633.9451861,Curva a Esquerda,-18.5
1770323633.9906473,Curva a Esquerda,-18.5
1770323634.0355144,Curva a Esquerda,-19.0
1770323634.1095467,Curva a Esquerda,-18.5
1770323634.1700487,Curva a Esquerda,-18.5
1770323634.2296576,Curva a Esquerda,-18.0
1770323634.2912,Curva a Esquerda,-18.0
1770323634.3428242,Curva a Esquerda,-18.0
1770323634.3984509,Curva a Esquerda,-17.5
1770323634.4621344,Curva a Esquerda,-17.0
1770323634.5139565,Curva a Esquerda,-17.0
1770323634.5610178,Curva a Esquerda,-17.0
1770323634.6213415,Curva a Esquerda,-16.0
1770323634.6717517,Curva a Esquerda,-15.0
1770323634.7183583,Curva a Esquerda,-15.0
1770323634.7687547,Curva a Esquerda,-14.0
1770323634.8191557,Curva a Esquerda,-14.0
1770323634.8725376,Curva a Esquerda,-13.0
1770323634.938895,Curva a Esquerda,-12.0
1770323635.0016003,Curva a Esquerda,-12.0
1770323635.068131,Curva a Esquerda,-11.0
1770323635.120179,Curva a Esquerda,-11.0
1770323635.167386,Curva a Esquerda,-10.5
1770323635.2113543,Curva a Esquerda,-10.0
1770323635.25904,Curva a Esquerda,-9.5
1770323635.3324177,Curva a Esquerda,-9.0
1770323635.4176989,Curva a Esquerda,-8.0
1770323635.4691126,Curva a Esquerda,-8.0
1770323635.5117855,Curva a Esquerda,-6.0
1770323635.558937,Curva a Esquerda,-5.0
1770323635.6331124,Curva a Esquerda,-4.5
1770323635.6958175,Curva a Esquerda,-3.5
1770323635.7772362,Curva a Esquerda,-2.0
1770323635.839274,Curva a Esquerda,-1.0
1770323635.901828,Em frente,0.0
1770323635.9728668,Em frente,0.5
1770323636.0341287,Em frente,1.5
1770323636.0815547,Em frente,2.0
1770323636.1290224,Em frente,2.5
1770323636.1941924,Em frente,3.0
1770323636.2484906,Em frente,4.0
1770323636.303035,Em frente,5.0
1770323636.374661,Em frente,5.5
1770323636.4358182,Em frente,6.0
1770323636.4997966,Em frente,6.5
1770323636.5514097,Em frente,6.5
1770323636.6321342,Em frente,7.0
1770323636.7103882,Em frente,7.5
1770323636.7737505,Em frente,7.5
1770323636.838707,Em frente,8.0
1770323636.9198916,Em frente,7.5
1770323636.9809718,Em frente,7.0
1770323637.0461445,Em frente,7.0
1770323637.1260312,Em frente,7.0
1770323637.1855464,Em frente,7.0
1770323637.2424607,Em frente,6.5
1770323637.2875097,Em frente,6.5
1770323637.3355355,Em frente,5.5
1770323637.397766,Em frente,5.5
1770323637.4509237,Em frente,5.0
1770323637.5039382,Em frente,5.0
1770323637.5781755,Em frente,5.0
1770323637.636773,Em frente,3.5
1770323637.69381,Em frente,3.0
1770323637.7478743,Em frente,3.0
1770323637.7973964,Em frente,3.0
1770323637.8426497,Em frente,2.5
1770323637.8923337,Em frente,2.0
1770323637.9379876,Em frente,1.0
1770323637.9843612,Em frente,0.5
1770323638.0599415,Em frente,0.0
1770323638.1214566,Curva a Esquerda,-0.5
1770323638.1890748,Em frente,0.0
1770323638.240463,Curva a Esquerda,-0.5
1770323638.2869532,Curva a Esquerda,-1.0
1770323638.3366277,Curva a Esquerda,-1.5
1770323638.3822315,Curva a Esquerda,-1.0
1770323638.4400604,Curva a Esquerda,-1.0
1770323638.5131996,Curva a Esquerda,-1.0
1770323638.5557091,Curva a Esquerda,-0.5
1770323638.6146095,Curva a Esquerda,-0.5
1770323638.6903772,Curva a Esquerda,-0.5
1770323638.7478836,Curva a Esquerda,-0.5
1770323638.7949805,Em frente,0.0
1770323638.8601005,Curva a Esquerda,-0.5
1770323638.9325223,Curva a Esquerda,-0.5
1770323639.0104017,Curva a Esquerda,-0.5
1770323639.070578,Em frente,0.0
1770323639.1182518,Em frente,0.5
1770323639.1594653,Em frente,0.5
1770323639.227651,Em frente,1.0
1770323639.2709534,Em frente,1.0
1770323639.3199072,Em frente,0.0
1770323639.367086,Curva a Esquerda,-0.5
1770323639.4349055,Em frente,0.0
1770323639.4829803,Em frente,0.0
1770323639.5422146,Curva a Esquerda,-0.5
1770323639.5908046,Curva a Esquerda,-2.0
1770323639.639292,Curva a Esquerda,-3.5
1770323639.70278,Curva a Esquerda,-4.5
1770323639.756762,Curva a Esquerda,-6.5
1770323639.8142433,Curva a Esquerda,-7.0
1770323639.862308,Curva a Esquerda,-7.5
1770323639.907637,Curva a Esquerda,-6.0
1770323639.9784865,Curva a Esquerda,-5.5
1770323640.0351164,Curva a Esquerda,-5.0
1770323640.0848858,Curva a Esquerda,-6.0
1770323640.1375253,Curva a Esquerda,-4.5
1770323640.1845725,Curva a Esquerda,-3.0
1770323640.235487,Curva a Esquerda,-2.0
1770323640.3094518,Curva a Esquerda,-1.0
1770323640.3568418,Em frente,0.0
1770323640.4047582,Curva a Esquerda,-0.5
1770323640.4538496,Curva a Esquerda,-1.5
1770323640.5024865,Curva a Esquerda,-3.0
1770323640.5561845,Curva a Esquerda,-3.5
1770323640.6031106,Curva a Esquerda,-2.5
1770323640.6541631,Curva a Esquerda,-3.0
1770323640.7044833,Curva a Esquerda,-3.0
1770323640.7554114,Curva a Esquerda,-2.5
1770323640.814435,Curva a Esquerda,-2.5
1770323640.8712218,Curva a Esquerda,-2.0
1770323640.9222178,Curva a Esquerda,-1.5
1770323640.9950728,Em frente,0.0
1770323641.0563998,Em frente,1.0
1770323641.1207387,Em frente,1.5
1770323641.2069335,Em frente,1.5
1770323641.269076,Em frente,2.5
1770323641.331406,Em frente,2.5
1770323641.4000664,Em frente,2.5
1770323641.4778478,Em frente,3.0
1770323641.5353775,Em frente,3.0
1770323641.5944915,Em frente,4.0
1770323641.640821,Em frente,4.0
1770323641.70383,Em frente,4.0
1770323641.7707086,Em frente,4.0
1770323641.8170426,Em frente,4.5
1770323641.8649704,Em frente,4.5
1770323641.912202,Em frente,4.5
1770323641.97809,Em frente,5.0
1770323642.040918,Em frente,5.5
1770323642.085868,Em frente,5.5
1770323642.130935,Em frente,5.5
1770323642.2013745,Em frente,6.0
1770323642.2482524,Em frente,6.5
1770323642.2918892,Em frente,7.5
1770323642.338662,Em frente,8.0
1770323642.4055765,Em frente,8.0
1770323642.452246,Curva a Direita,9.0
1770323642.496833,Curva a Direita,10.0
1770323642.545198,Curva a Direita,10.5
1770323642.5916066,Curva a Direita,11.5
1770323642.6403987,Curva a Direita,12.0
1770323642.7095938,Curva a Direita,12.0
1770323642.7552302,Curva a Direita,12.5
1770323642.8051226,Curva a Direita,13.5
1770323642.8456602,Curva a Direita,14.5
1770323642.9213307,Curva a Direita,15.0
1770323642.9844851,Curva a Direita,16.0
1770323643.045643,Curva a Direita,16.5
1770323643.1130095,Curva a Direita,17.5
1770323643.1747296,Curva a Direita,18.5
1770323643.240878,Curva a Direita,19.5
1770323643.326283,Curva a Direita,20.5
1770323643.3782926,Curva a Direita,21.5
1770323643.435782,Curva a Direita,22.0
1770323643.4821851,Curva a Direita,22.0
1770323643.529931,Curva a Direita,23.0
1770323643.594033,Curva a Direita,22.5
1770323643.639553,Curva a Direita,22.0
1770323643.7151792,Curva a Direita,22.0
1770323643.7815819,Curva a Direita,22.5
1770323643.8452754,Curva a Direita,22.5
1770323643.922356,Curva a Direita,22.5
1770323643.9905577,Curva a Direita,22.0
1770323644.0391603,Curva a Direita,22.5
1770323644.1092603,Curva a Direita,22.0
1770323644.1956205,Curva a Direita,22.0
1770323644.2475104,Curva a Direita,22.0
1770323644.3053055,Curva a Direita,22.0
1770323644.3742416,Curva a Direita,21.0
1770323644.41802,Curva a Direita,21.0
1770323644.4931562,Curva a Direita,19.0
1770323644.5360546,Curva a Direita,18.5
1770323644.5836313,Curva a Direita,18.0
1770323644.6361098,Curva a Direita,16.5
1770323644.6945531,Curva a Direita,16.0
1770323644.7470212,Curva a Direita,15.5
1770323644.8247993,Curva a Direita,15.5
1770323644.8770666,Curva a Direita,15.5
1770323644.9256916,Curva a Direita,15.0
1770323644.9681866,Curva a Direita,14.5
1770323645.0436165,Curva a Direita,15.5
1770323645.0868022,Curva a Direita,14.5
1770323645.1356661,Curva a Direita,14.5
1770323645.1872048,Curva a Direita,15.0
1770323645.2365694,Curva a Direita,15.0
1770323645.3071935,Curva a Direita,15.0
1770323645.3552155,Curva a Direita,14.5
1770323645.4217572,Curva a Direita,14.5
1770323645.471878,Curva a Direita,14.0
1770323645.522122,Curva a Direita,14.0
1770323645.5742424,Curva a Direita,13.5
1770323645.6215231,Curva a Direita,14.0
1770323645.6712174,Curva a Direita,13.5
1770323645.7216527,Curva a Direita,13.5
1770323645.771212,Curva a Direita,13.0
1770323645.8460934,Curva a Direita,13.5
1770323645.8969133,Curva a Direita,13.5
1770323645.9553363,Curva a Direita,13.0
1770323645.99953,Curva a Direita,13.5
1770323646.0465875,Curva a Direita,13.0
1770323646.095077,Curva a Direita,13.5
1770323646.1401267,Curva a Direita,13.5
1770323646.187333,Curva a Direita,12.5
1770323646.2373753,Curva a Direita,12.0
1770323646.283696,Curva a Direita,11.0
1770323646.3513694,Curva a Direita,9.5
1770323646.39762,Curva a Direita,9.5
1770323646.4564407,Curva a Direita,9.0
1770323646.5835915,Curva a Direita,8.5
1770323646.6518888,Curva a Direita,9.0
1770323646.720093,Curva a Direita,8.5
1770323646.761381,Em frente,8.0
1770323646.8182516,Curva a Direita,9.0
1770323646.8973103,Curva a Direita,9.5
1770323646.981346,Curva a Direita,10.5
1770323647.0417225,Curva a Direita,11.5
1770323647.1290865,Curva a Direita,11.5
1770323647.180544,Curva a Direita,11.5
1770323647.223639,Curva a Direita,11.5
1770323647.2774894,Curva a Direita,10.5
1770323647.3341005,Curva a Direita,10.0
1770323647.3815749,Curva a Direita,10.0
1770323647.428164,Curva a Direita,9.5
1770323647.4776692,Curva a Direita,9.0
1770323647.543657,Em frente,7.5
1770323647.5901606,Em frente,6.5
1770323647.635336,Em frente,5.0
1770323647.6834462,Em frente,3.5
1770323647.7322977,Em frente,2.0
1770323647.7798054,Em frente,0.5
1770323647.850202,Em frente,0.0
1770323647.9136055,Curva a Esquerda,-0.5
1770323647.9727042,Curva a Esquerda,-1.5
1770323648.0352232,Curva a Esquerda,-2.0
1770323648.08597,Em frente,0.0
1770323648.1337664,Em frente,1.5
1770323648.1859963,Em frente,3.0
1770323648.2307913,Em frente,5.0
1770323648.2960577,Em frente,6.5
1770323648.3489904,Curva a Direita,8.5
1770323648.4218342,Curva a Direita,9.5
1770323648.4830885,Curva a Direita,9.0
1770323648.528023,Curva a Direita,10.0
1770323648.572115,Curva a Direita,11.0
1770323648.629897,Curva a Direita,10.0
1770323648.6823416,Curva a Direita,10.5
1770323648.7301533,Curva a Direita,10.0
1770323648.7778451,Curva a Direita,9.0
1770323648.8269541,Curva a Direita,9.0
1770323648.8888059,Em frente,7.5
1770323648.95608,Em frente,7.5
1770323649.0001202,Em frente,8.0
1770323649.0472426,Em frente,6.5
1770323649.103457,Em frente,6.5
1770323649.1748765,Em frente,5.5
1770323649.221723,Em frente,5.0
1770323649.2678277,Em frente,4.5
1770323649.315137,Em frente,4.0
1770323649.372225,Em frente,3.0
1770323649.4338508,Em frente,2.5
1770323649.4818761,Em frente,2.5
1770323649.5519223,Em frente,2.0
1770323649.596794,Em frente,1.5
1770323649.646642,Em frente,1.5
1770323649.712415,Em frente,1.5
1770323649.7604787,Em frente,0.0
1770323649.802319,Em frente,0.0
1770323649.8697886,Em frente,0.0
1770323649.9170036,Curva a Esquerda,-0.5
1770323649.9648426,Curva a Esquerda,-1.0
1770323650.011131,Curva a Esquerda,-1.0
1770323650.0577135,Curva a Esquerda,-2.0
1770323650.1156335,Curva a Esquerda,-2.0
1770323650.170809,Curva a Esquerda,-2.0
1770323650.2179906,Curva a Esquerda,-2.0
1770323650.2620735,Curva a Esquerda,-2.0
1770323650.309751,Curva a Esquerda,-2.0
1770323650.3557508,Curva a Esquerda,-2.5
1770323650.4061158,Curva a Esquerda,-2.5
1770323650.4518397,Curva a Esquerda,-2.5
1770323650.5004854,Curva a Esquerda,-2.5
1770323650.546793,Curva a Esquerda,-2.0
1770323650.5937815,Curva a Esquerda,-2.0
1770323650.6644716,Curva a Esquerda,-2.0
1770323650.7141876,Curva a Esquerda,-2.0
1770323650.7798734,Curva a Esquerda,-2.5
1770323650.8439162,Curva a Esquerda,-2.0
1770323650.902525,Curva a Esquerda,-2.0
1770323650.9465175,Curva a Esquerda,-1.5
1770323650.9976578,Curva a Esquerda,-1.5
1770323651.0414884,Curva a Esquerda,-1.0
1770323651.087156,Curva a Esquerda,-1.0
1770323651.1340861,Em frente,0.0
1770323651.1837044,Em frente,0.5
1770323651.2298486,Em frente,1.5
1770323651.2782664,Em frente,2.0
1770323651.3471968,Em frente,2.5
1770323651.3922293,Em frente,3.0
1770323651.442095,Em frente,4.5
1770323651.4879708,Em frente,5.0
1770323651.5319452,Em frente,6.5
1770323651.578653,Em frente,7.5
1770323651.6554306,Em frente,8.0
1770323651.738805,Curva a Direita,9.0
1770323651.796475,Curva a Direita,10.0
1770323651.8592026,Curva a Direita,10.5
1770323651.9232903,Curva a Direita,11.5
1770323651.9774358,Curva a Direita,12.5
1770323652.0290956,Curva a Direita,12.5
1770323652.0746121,Curva a Direita,13.0
1770323652.1215043,Curva a Direita,13.5
1770323652.1675863,Curva a Direita,14.5
1770323652.2156386,Curva a Direita,14.5
1770323652.263514,Curva a Direita,15.5
1770323652.3409739,Curva a Direita,15.5
1770323652.403108,Curva a Direita,16.5
1770323652.4644186,Curva a Direita,16.5
1770323652.5259519,Curva a Direita,17.0
1770323652.6097586,Curva a Direita,16.5
1770323652.6687105,Curva a Direita,16.5
1770323652.7399976,Curva a Direita,16.5
1770323652.7906458,Curva a Direita,16.5
1770323652.837167,Curva a Direita,16.5
1770323652.881482,Curva a Direita,16.5
1770323652.9319246,Curva a Direita,16.5
1770323652.975609,Curva a Direita,16.0
1770323653.0224314,Curva a Direita,16.0
1770323653.070052,Curva a Direita,16.0
1770323653.1461318,Curva a Direita,16.5
1770323653.1996593,Curva a Direita,16.5
1770323653.26548,Curva a Direita,17.0
1770323653.3134382,Curva a Direita,17.5
1770323653.365044,Curva a Direita,18.5
1770323653.4388275,Curva a Direita,19.0
1770323653.481432,Curva a Direita,19.5
1770323653.5289915,Curva a Direita,19.5
1770323653.6021974,Curva a Direita,19.5
1770323653.6657028,Curva a Direita,20.5
1770323653.7486534,Curva a Direita,21.5
1770323653.8066885,Curva a Direita,22.0
1770323653.8769112,Curva a Direita,23.0
1770323653.9303448,Curva a Direita,24.5
1770323653.9859035,Curva a Direita,25.0
1770323654.040477,Curva a Direita,26.0
1770323654.0888166,Curva a Direita,27.5
1770323654.1334102,Curva a Direita,29.5
1770323654.194442,Curva a Direita,31.0
1770323654.2452862,Curva a Direita,32.0
1770323654.322775,Curva a Direita,33.0
1770323654.3805964,Curva a Direita,34.0
1770323654.4452026,Curva a Direita,34.5
1770323654.5087488,Curva a Direita,35.0
1770323654.5609317,Curva a Direita,35.5
1770323654.6095557,Curva a Direita,36.5
1770323654.655585,Curva a Direita,37.5
1770323654.703437,Curva a Direita,37.5
1770323654.7527277,Curva a Direita,37.5
1770323654.8155942,Curva a Direita,38.5
1770323654.8634799,Curva a Direita,39.0
1770323654.910107,Curva a Direita,40.0
1770323654.9757602,Curva a Direita,40.5
1770323655.0209785,Curva a Direita,41.0
1770323655.0846462,Curva a Direita,41.5
1770323655.1338973,Curva a Direita,42.0
1770323655.1807325,Curva a Direita,42.5
1770323655.2485747,Curva a Direita,42.5
1770323655.292074,Curva a Direita,42.5
1770323655.3563683,Curva a Direita,43.0
1770323655.4220235,Curva a Direita,42.5
1770323655.4672914,Curva a Direita,42.0
1770323655.5132225,Curva a Direita,41.5
1770323655.5848312,Curva a Direita,42.0
1770323655.664748,Curva a Direita,41.5
1770323655.7207186,Curva a Direita,41.5
1770323655.7974777,Curva a Direita,41.0
1770323655.8602383,Curva a Direita,41.5
1770323655.9217505,Curva a Direita,41.5
1770323655.9941535,Curva a Direita,41.5
1770323656.0429716,Curva a Direita,42.0
1770323656.0827832,Curva a Direita,42.0
1770323656.1523018,Curva a Direita,41.5
1770323656.2013419,Curva a Direita,41.5
1770323656.246529,Curva a Direita,41.0
1770323656.290543,Curva a Direita,41.0
1770323656.3370662,Curva a Direita,40.0
1770323656.385883,Curva a Direita,39.0
1770323656.4329038,Curva a Direita,38.0
1770323656.5077627,Curva a Direita,37.5
1770323656.5696018,Curva a Direita,37.0
1770323656.6274867,Curva a Direita,36.0
1770323656.6925123,Curva a Direita,34.5
1770323656.736672,Curva a Direita,34.0
1770323656.8154507,Curva a Direita,33.0
1770323656.8690865,Curva a Direita,31.5
1770323656.931001,Curva a Direita,30.0
1770323656.9864757,Curva a Direita,29.0
1770323657.0351887,Curva a Direita,27.5
1770323657.0795524,Curva a Direita,26.0
1770323657.1360335,Curva a Direita,24.5
1770323657.182907,Curva a Direita,23.0
1770323657.2285197,Curva a Direita,22.5
1770323657.2777226,Curva a Direita,21.0
1770323657.3254862,Curva a Direita,19.5
1770323657.3743837,Curva a Direita,18.0
1770323657.4448826,Curva a Direita,17.5
1770323657.5250733,Curva a Direita,16.0
1770323657.5875733,Curva a Direita,15.0
1770323657.6705332,Curva a Direita,14.0
1770323657.7230184,Curva a Direita,13.5
1770323657.7795873,Curva a Direita,12.5
1770323657.8308597,Curva a Direita,11.0
1770323657.8852005,Curva a Direita,10.5
1770323657.9370832,Curva a Direita,10.0
1770323657.9930356,Curva a Direita,9.0
1770323658.0481682,Curva a Direita,8.5
1770323658.0993276,Em frente,7.0
1770323658.1475775,Em frente,7.0
1770323658.2167337,Em frente,6.0
1770323658.2693155,Em frente,6.0
1770323658.3357923,Em frente,4.5
1770323658.3829105,Em frente,4.5
1770323658.457168,Em frente,3.5
1770323658.5065763,Em frente,3.0
1770323658.5484064,Em frente,2.5
1770323658.5943558,Em frente,2.0
1770323658.6648078,Em frente,2.0
1770323658.7118204,Em frente,1.0
1770323658.752278,Em frente,0.5
1770323658.8017638,Em frente,0.5
1770323658.86577,Curva a Esquerda,-0.5
1770323658.9292574,Curva a Esquerda,-1.0
1770323658.9752264,Curva a Esquerda,-1.0
1770323659.0226634,Curva a Esquerda,-1.5
1770323659.0943716,Curva a Esquerda,-1.5
1770323659.1406457,Curva a Esquerda,-2.0
1770323659.182889,Curva a Esquerda,-2.5
1770323659.2306907,Curva a Esquerda,-2.0
1770323659.3039265,Curva a Esquerda,-2.0
1770323659.3672924,Curva a Esquerda,-2.5
1770323659.4507577,Curva a Esquerda,-2.0
1770323659.5139225,Curva a Esquerda,-1.5
1770323659.57744,Curva a Esquerda,-1.0
1770323659.6401618,Curva a Esquerda,-1.5
1770323659.7210944,Curva a Esquerda,-1.0
1770323659.7798045,Curva a Esquerda,-1.0
1770323659.8422358,Curva a Esquerda,-0.5
1770323659.9151945,Curva a Esquerda,-1.0
1770323659.981494,Curva a Esquerda,-0.5
1770323660.029561,Em frente,0.0
1770323660.0721738,Curva a Esquerda,-0.5
1770323660.1385138,Em frente,0.0
1770323660.1921353,Em frente,0.0
1770323660.2554207,Em frente,0.0
1770323660.3130615,Em frente,1.0
1770323660.3582106,Em frente,1.5
1770323660.4059124,Em frente,2.0
1770323660.454418,Em frente,3.0
1770323660.502202,Em frente,3.5
1770323660.5680344,Em frente,4.5
1770323660.6156356,Em frente,5.0
1770323660.663786,Em frente,6.0
1770323660.7117484,Em frente,5.5
1770323660.771063,Em frente,5.5
1770323660.846176,Em frente,6.0
1770323660.9082892,Em frente,6.5
1770323660.9965777,Em frente,5.5
1770323661.046588,Em frente,5.0
1770323661.0877852,Em frente,5.0
1770323661.1378753,Em frente,4.5
1770323661.2027807,Em frente,3.5
1770323661.267903,Em frente,3.0
1770323661.31586,Em frente,3.5
1770323661.3592315,Em frente,4.0
1770323661.4087315,Em frente,4.5
1770323661.4594235,Em frente,4.0
1770323661.5022113,Em frente,5.0
1770323661.572718,Em frente,5.5
1770323661.626523,Em frente,5.0
1770323661.7046707,Em frente,5.5
1770323661.7643068,Em frente,6.0
1770323661.8510916,Em frente,6.5
1770323661.9085212,Em frente,6.5
1770323661.9776354,Em frente,6.5
1770323662.0461168,Em frente,5.0
1770323662.1169577,Em frente,4.5
1770323662.1803188,Em frente,4.0
1770323662.2704184,Em frente,4.0
1770323662.3226445,Em frente,3.5
1770323662.404207,Em frente,3.0
1770323662.4847224,Em frente,2.0
1770323662.5473766,Em frente,1.5
1770323662.6110673,Em frente,1.0
1770323662.691852,Em frente,0.0
1770323662.7553906,Em frente,0.5
1770323662.8175936,Curva a Esquerda,-0.5
1770323662.8816605,Em frente,0.0
1770323662.935943,Curva a Esquerda,-0.5
1770323662.9819262,Em frente,0.5
1770323663.0344753,Em frente,1.5
1770323663.0912504,Em frente,2.0
1770323663.1608946,Em frente,2.0
1770323663.2121024,Em frente,1.5
1770323663.2742562,Em frente,1.5
1770323663.3218522,Em frente,1.5
1770323663.3910642,Em frente,1.5
1770323663.4451945,Em frente,0.5
1770323663.5016422,Em frente,0.5
1770323663.5504076,Curva a Esquerda,-1.0
1770323663.604046,Curva a Esquerda,-3.0
1770323663.672083,Curva a Esquerda,-5.0
1770323663.7232702,Curva a Esquerda,-6.0
1770323663.7708113,Curva a Esquerda,-7.0
1770323663.8376913,Curva a Esquerda,-7.5
1770323663.9072175,Curva a Esquerda,-8.5
1770323663.9598596,Curva a Esquerda,-9.0
1770323664.0058358,Curva a Esquerda,-9.0
1770323664.055776,Curva a Esquerda,-10.5
1770323664.117684,Curva a Esquerda,-11.5
1770323664.1780083,Curva a Esquerda,-12.5
1770323664.2284627,Curva a Esquerda,-13.0
1770323664.2758799,Curva a Esquerda,-13.0
1770323664.3274803,Curva a Esquerda,-13.5
1770323664.373918,Curva a Esquerda,-13.0
1770323664.4282897,Curva a Esquerda,-13.0
1770323664.4825978,Curva a Esquerda,-13.5
1770323664.5441513,Curva a Esquerda,-13.0
1770323664.5858378,Curva a Esquerda,-12.0
1770323664.6364372,Curva a Esquerda,-10.5
1770323664.6848242,Curva a Esquerda,-9.5
1770323664.7526753,Curva a Esquerda,-8.5
1770323664.7983546,Curva a Esquerda,-7.5
1770323664.845384,Curva a Esquerda,-6.5
1770323664.892288,Curva a Esquerda,-6.0
1770323664.9622471,Curva a Esquerda,-5.5
1770323665.052313,Curva a Esquerda,-4.0
1770323665.1162322,Curva a Esquerda,-3.5
1770323665.1819437,Curva a Esquerda,-3.0
1770323665.2233746,Curva a Esquerda,-2.5
1770323665.280707,Curva a Esquerda,-3.0
1770323665.3258216,Curva a Esquerda,-2.5
1770323665.3730989,Curva a Esquerda,-3.5
1770323665.423862,Curva a Esquerda,-3.0
1770323665.4730318,Curva a Esquerda,-3.0
1770323665.5249748,Curva a Esquerda,-3.0
1770323665.5856237,Curva a Esquerda,-4.0
1770323665.6407833,Curva a Esquerda,-3.5
1770323665.6916938,Curva a Esquerda,-3.5
1770323665.7410688,Curva a Esquerda,-3.5
1770323665.7931712,Curva a Esquerda,-3.5
1770323665.8528216,Curva a Esquerda,-3.5
1770323665.8989172,Curva a Esquerda,-2.5
1770323665.9477384,Curva a Esquerda,-2.5
1770323665.9975817,Curva a Esquerda,-2.0
1770323666.048456,Curva a Esquerda,-1.0
1770323666.0971222,Curva a Esquerda,-0.5
1770323666.1479347,Curva a Esquerda,-1.0
1770323666.197832,Em frente,0.0
1770323666.2463593,Em frente,0.0
1770323666.2991664,Em frente,0.0
1770323666.3436205,Em frente,0.0
1770323666.3932896,Em frente,0.0
1770323666.4406564,Em frente,0.0
1770323666.5156355,Em frente,1.0
1770323666.5695882,Curva a Direita,8.5
1770323666.6128418,Curva a Direita,10.0
1770323666.6672525,Curva a Direita,10.5
1770323666.7165458,Curva a Direita,10.5
1770323666.7627387,Curva a Direita,10.0
1770323666.809941,Curva a Direita,10.5
1770323666.8522925,Curva a Direita,11.0
1770323666.900337,Curva a Direita,11.0
1770323666.965299,Curva a Direita,11.0
1770323667.018582,Curva a Direita,10.0
1770323667.0661757,Em frente,2.5
1770323667.112243,Em frente,1.0
1770323667.1651735,Em frente,1.0
1770323667.2146356,Em frente,1.0
1770323667.262208,Em frente,1.0
1770323667.3200922,Em frente,0.5
1770323667.3885388,Em frente,0.0
1770323667.465287,Curva a Esquerda,-0.5
1770323667.5241563,Curva a Esquerda,-0.5
1770323667.614209,Curva a Esquerda,-1.0
1770323667.667289,Curva a Esquerda,-1.5
1770323667.7154458,Curva a Esquerda,-1.5
1770323667.7818484,Curva a Esquerda,-2.5
1770323667.8483865,Curva a Esquerda,-2.5
1770323667.9102538,Curva a Esquerda,-3.5
1770323667.9668796,Curva a Esquerda,-4.0
1770323668.0153797,Curva a Esquerda,-4.5
1770323668.0666955,Curva a Esquerda,-5.0
1770323668.115859,Curva a Esquerda,-5.5
1770323668.1825051,Curva a Esquerda,-6.0
1770323668.2391253,Curva a Esquerda,-6.5
1770323668.289667,Curva a Esquerda,-8.0
1770323668.354499,Curva a Esquerda,-9.5
1770323668.4236565,Curva a Esquerda,-10.5
1770323668.468087,Curva a Esquerda,-12.5
1770323668.5194411,Curva a Esquerda,-13.5
1770323668.5648062,Curva a Esquerda,-14.5
1770323668.6371474,Curva a Esquerda,-16.5
1770323668.725183,Curva a Esquerda,-17.0
1770323668.7794778,Curva a Esquerda,-18.0
1770323668.8550146,Curva a Esquerda,-20.0
1770323668.9013126,Curva a Esquerda,-20.0
1770323668.9636953,Curva a Esquerda,-20.5
1770323669.013423,Curva a Esquerda,-20.0
1770323669.0563087,Curva a Esquerda,-20.0
1770323669.105116,Curva a Esquerda,-18.5
1770323669.168978,Curva a Esquerda,-19.0
1770323669.2253811,Curva a Esquerda,-18.0
1770323669.2788775,Curva a Esquerda,-18.5
1770323669.326446,Curva a Esquerda,-19.0
1770323669.3768494,Curva a Esquerda,-19.0
1770323669.4271452,Curva a Esquerda,-19.5
1770323669.4746065,Curva a Esquerda,-19.5
1770323669.526847,Curva a Esquerda,-19.5
1770323669.5718093,Curva a Esquerda,-20.0
1770323669.6360645,Curva a Esquerda,-21.0
1770323669.691057,Curva a Esquerda,-21.5
1770323669.7427025,Curva a Esquerda,-21.5
1770323669.793866,Curva a Esquerda,-22.0
1770323669.8379016,Curva a Esquerda,-21.0
1770323669.8888824,Curva a Esquerda,-20.0
1770323669.935351,Curva a Esquerda,-19.5
1770323670.003381,Curva a Esquerda,-18.0
1770323670.049536,Curva a Esquerda,-19.5
1770323670.0946186,Curva a Esquerda,-19.0
1770323670.1563,Curva a Esquerda,-19.0
1770323670.206293,Curva a Esquerda,-18.5
1770323670.2766702,Curva a Esquerda,-19.0
1770323670.33372,Curva a Esquerda,-18.0
1770323670.4073944,Curva a Esquerda,-18.5
1770323670.4663434,Curva a Esquerda,-18.5
1770323670.5139334,Curva a Esquerda,-18.5
1770323670.55875,Curva a Esquerda,-18.5
1770323670.6070075,Curva a Esquerda,-17.5
1770323670.6572237,Curva a Esquerda,-17.0
1770323670.732974,Curva a Esquerda,-16.5
1770323670.7787635,Curva a Esquerda,-15.5
1770323670.8261156,Curva a Esquerda,-15.5
1770323670.8746192,Curva a Esquerda,-15.0
1770323670.9283977,Curva a Esquerda,-15.0
1770323670.9934516,Curva a Esquerda,-14.5
1770323671.0421455,Curva a Esquerda,-14.5
1770323671.0967228,Curva a Esquerda,-14.0
1770323671.149038,Curva a Esquerda,-14.0
1770323671.1936657,Curva a Esquerda,-13.5
1770323671.2609258,Curva a Esquerda,-14.0
1770323671.3093557,Curva a Esquerda,-14.0
1770323671.367716,Curva a Esquerda,-14.0
1770323671.4175236,Curva a Esquerda,-14.0
1770323671.4642258,Curva a Esquerda,-14.0
1770323671.5132873,Curva a Esquerda,-14.0
1770323671.561051,Curva a Esquerda,-13.5
1770323671.6323192,Curva a Esquerda,-13.5
1770323671.694117,Curva a Esquerda,-13.5
1770323671.7411158,Curva a Esquerda,-13.5
1770323671.7845583,Curva a Esquerda,-13.0
1770323671.830806,Curva a Esquerda,-12.5
1770323671.905385,Curva a Esquerda,-12.5
1770323671.9723485,Curva a Esquerda,-11.5
1770323672.0378458,Curva a Esquerda,-11.5
1770323672.1034508,Curva a Esquerda,-11.0
1770323672.155137,Curva a Esquerda,-10.0
1770323672.2034929,Curva a Esquerda,-10.0
1770323672.2506773,Curva a Esquerda,-9.0
1770323672.3140056,Curva a Esquerda,-8.5
1770323672.3861601,Curva a Esquerda,-7.5
1770323672.4463155,Curva a Esquerda,-8.0
1770323672.4933567,Curva a Esquerda,-7.5
1770323672.5382695,Curva a Esquerda,-7.0
1770323672.5849628,Curva a Esquerda,-6.5
1770323672.6525497,Curva a Esquerda,-5.5
1770323672.6957614,Curva a Esquerda,-5.0
1770323672.7728324,Curva a Esquerda,-3.5
1770323672.8221478,Curva a Esquerda,-3.0
1770323672.8641975,Curva a Esquerda,-2.5
1770323672.9179258,Curva a Esquerda,-2.0
1770323672.959575,Curva a Esquerda,-1.5
1770323673.0069432,Curva a Esquerda,-1.0
1770323673.0793216,Em frente,0.0
1770323673.143163,Em frente,1.0
1770323673.2250144,Em frente,1.0
1770323673.286558,Em frente,1.5
1770323673.3500597,Em frente,1.5
1770323673.4401212,Em frente,1.5
1770323673.4830387,Em frente,2.5
1770323673.5317729,Em frente,3.0
1770323673.5784955,Em frente,3.5
1770323673.644237,Em frente,3.5
1770323673.6908898,Em frente,4.0
1770323673.736984,Em frente,3.5
1770323673.7860792,Em frente,3.5
1770323673.8322458,Em frente,4.0
1770323673.8800442,Em frente,3.5
1770323673.9445114,Em frente,4.5
1770323673.9967163,Em frente,4.0
1770323674.0454717,Em frente,4.0
1770323674.0864873,Em frente,3.5
1770323674.1450346,Em frente,4.0
1770323674.1977887,Em frente,3.5
1770323674.2750626,Em frente,4.0
1770323674.3263218,Em frente,3.5
1770323674.3737106,Em frente,3.0
1770323674.4206157,Em frente,3.0
1770323674.4839191,Em frente,2.0
1770323674.5314858,Em frente,1.5
1770323674.606746,Em frente,0.5
1770323674.6672354,Em frente,0.0
1770323674.73228,Curva a Esquerda,-1.0
1770323674.8134897,Curva a Esquerda,-2.0
1770323674.874927,Curva a Esquerda,-3.0
1770323674.9402587,Curva a Esquerda,-4.0
1770323675.0064337,Curva a Esquerda,-5.0
1770323675.0712144,Curva a Esquerda,-5.5
1770323675.1344192,Curva a Esquerda,-5.5
1770323675.1993892,Curva a Esquerda,-6.5
1770323675.2505825,Curva a Esquerda,-7.0
1770323675.292325,Curva a Esquerda,-7.5
1770323675.3512592,Curva a Esquerda,-8.0
1770323675.4036846,Curva a Esquerda,-8.5
1770323675.451296,Curva a Esquerda,-8.5
1770323675.5004275,Curva a Esquerda,-8.0
1770323675.5472817,Curva a Esquerda,-7.5
1770323675.6104307,Curva a Esquerda,-7.5
1770323675.6728985,Curva a Esquerda,-8.0
1770323675.720587,Curva a Esquerda,-8.0
1770323675.7698169,Curva a Esquerda,-7.0
1770323675.8381143,Curva a Esquerda,-8.0
1770323675.886261,Curva a Esquerda,-8.0
1770323675.9421232,Curva a Esquerda,-7.5
1770323675.9895759,Curva a Esquerda,-8.5
1770323676.0395367,Curva a Esquerda,-8.5
1770323676.1029775,Curva a Esquerda,-9.0
1770323676.1503735,Curva a Esquerda,-9.0
1770323676.195839,Curva a Esquerda,-9.0
1770323676.2432685,Curva a Esquerda,-9.5
1770323676.2915618,Curva a Esquerda,-9.5
1770323676.33813,Curva a Esquerda,-9.5
1770323676.38496,Curva a Esquerda,-9.0
1770323676.4533777,Curva a Esquerda,-8.5
1770323676.4996562,Curva a Esquerda,-7.5
1770323676.55205,Curva a Esquerda,-6.5
1770323676.59767,Curva a Esquerda,-6.0
1770323676.666417,Curva a Esquerda,-5.0
1770323676.71637,Curva a Esquerda,-4.5
1770323676.7576818,Curva a Esquerda,-4.0
1770323676.8262749,Curva a Esquerda,-3.0
1770323676.87007,Curva a Esquerda,-2.5
1770323676.9496803,Curva a Esquerda,-3.0
1770323677.0106936,Curva a Esquerda,-3.0
1770323677.0756643,Curva a Esquerda,-3.5
1770323677.1470454,Curva a Esquerda,-4.0
1770323677.2114756,Curva a Esquerda,-4.0
1770323677.258877,Curva a Esquerda,-4.5
1770323677.3132725,Curva a Esquerda,-5.0
1770323677.370649,Curva a Esquerda,-5.0
1770323677.4527955,Curva a Esquerda,-5.5
1770323677.5102093,Curva a Esquerda,-6.0
1770323677.5720778,Curva a Esquerda,-5.5
1770323677.62417,Curva a Esquerda,-5.5
1770323677.6860275,Curva a Esquerda,-6.0
1770323677.745131,Curva a Esquerda,-5.5
1770323677.808013,Curva a Esquerda,-5.0
1770323677.8512714,Curva a Esquerda,-6.0
1770323677.9026742,Curva a Esquerda,-6.0
1770323677.9546793,Curva a Esquerda,-5.5
1770323678.0051997,Curva a Esquerda,-5.5
1770323678.0542185,Curva a Esquerda,-6.0
1770323678.1034105,Curva a Esquerda,-6.5
1770323678.1535795,Curva a Esquerda,-6.5
1770323678.2004187,Curva a Esquerda,-6.5
1770323678.2510154,Curva a Esquerda,-7.0
1770323678.3058083,Curva a Esquerda,-8.0
1770323678.355384,Curva a Esquerda,-9.0
1770323678.4002025,Curva a Esquerda,-8.5
1770323678.4702985,Curva a Esquerda,-8.5
1770323678.5271802,Curva a Esquerda,-8.0
1770323678.5758324,Curva a Esquerda,-9.0
1770323678.6557527,Curva a Esquerda,-9.5
1770323678.739298,Curva a Esquerda,-10.0
1770323678.8209164,Curva a Esquerda,-10.5
1770323678.9014492,Curva a Esquerda,-11.5
1770323678.961338,Curva a Esquerda,-12.5
1770323679.0456462,Curva a Esquerda,-13.5
1770323679.0952399,Curva a Esquerda,-15.0
1770323679.1376824,Curva a Esquerda,-16.5
1770323679.1900766,Curva a Esquerda,-18.5
1770323679.2374995,Curva a Esquerda,-20.0
1770323679.2886374,Curva a Esquerda,-21.5
1770323679.3424845,Curva a Esquerda,-22.5
1770323679.3875747,Curva a Esquerda,-24.0
1770323679.439598,Curva a Esquerda,-25.0
1770323679.4888752,Curva a Esquerda,-26.5
1770323679.5526233,Curva a Esquerda,-27.0
1770323679.6085284,Curva a Esquerda,-28.0
1770323679.6742494,Curva a Esquerda,-29.0
1770323679.7325509,Curva a Esquerda,-29.5
1770323679.7724872,Curva a Esquerda,-30.0
1770323679.838734,Curva a Esquerda,-30.0
1770323679.9003916,Curva a Esquerda,-31.0
1770323679.9688609,Curva a Esquerda,-30.5
1770323680.0183036,Curva a Esquerda,-31.0
1770323680.0922496,Curva a Esquerda,-30.5
1770323680.1527884,Curva a Esquerda,-31.0
1770323680.236537,Curva a Esquerda,-31.0
1770323680.2906759,Curva a Esquerda,-31.5
1770323680.3406737,Curva a Esquerda,-32.0
1770323680.3814075,Curva a Esquerda,-32.0
1770323680.454239,Curva a Esquerda,-32.0
1770323680.5206394,Curva a Esquerda,-31.5
1770323680.5760913,Curva a Esquerda,-32.0
1770323680.6230922,Curva a Esquerda,-33.0
1770323680.668087,Curva a Esquerda,-33.0
1770323680.7155948,Curva a Esquerda,-33.0
1770323680.7821927,Curva a Esquerda,-34.5
1770323680.8262746,Curva a Esquerda,-34.5
1770323680.8948119,Curva a Esquerda,-34.5
1770323680.9401467,Curva a Esquerda,-34.5
1770323680.9875705,Curva a Esquerda,-35.0
1770323681.0354466,Curva a Esquerda,-35.0
1770323681.0825512,Curva a Esquerda,-34.5
1770323681.1406138,Curva a Esquerda,-34.5
1770323681.1963387,Curva a Esquerda,-34.0
1770323681.2573106,Curva a Esquerda,-33.5
1770323681.3073218,Curva a Esquerda,-33.0
1770323681.348384,Curva a Esquerda,-33.0
1770323681.3992596,Curva a Esquerda,-33.0
1770323681.4567907,Curva a Esquerda,-32.5
1770323681.5345054,Curva a Esquerda,-32.0
1770323681.5974371,Curva a Esquerda,-31.5
1770323681.6566365,Curva a Esquerda,-31.5
1770323681.7422764,Curva a Esquerda,-31.5
1770323681.8007817,Curva a Esquerda,-31.0
1770323681.8652427,Curva a Esquerda,-31.0
1770323681.939348,Curva a Esquerda,-30.5
1770323682.000462,Curva a Esquerda,-30.0
1770323682.0695326,Curva a Esquerda,-30.0
1770323682.123712,Curva a Esquerda,-30.0
1770323682.1683805,Curva a Esquerda,-30.0
1770323682.2207096,Curva a Esquerda,-30.0
1770323682.2679565,Curva a Esquerda,-30.5
1770323682.3173642,Curva a Esquerda,-30.5
1770323682.3700676,Curva a Esquerda,-31.0
1770323682.4282994,Curva a Esquerda,-31.0
1770323682.4846947,Curva a Esquerda,-32.0
1770323682.5331845,Curva a Esquerda,-32.0
1770323682.5883124,Curva a Esquerda,-32.5
1770323682.6367466,Curva a Esquerda,-33.5
1770323682.6837928,Curva a Esquerda,-34.0
1770323682.7307749,Curva a Esquerda,-35.0
1770323682.787054,Curva a Esquerda,-36.0
1770323682.8432443,Curva a Esquerda,-37.0
1770323682.9123287,Curva a Esquerda,-38.0
1770323682.961784,Curva a Esquerda,-39.0
1770323683.0368145,Curva a Esquerda,-41.0
1770323683.084743,Curva a Esquerda,-42.0
1770323683.130087,Curva a Esquerda,-43.5
1770323683.186091,Curva a Esquerda,-44.0
1770323683.23653,Curva a Esquerda,-45.5
1770323683.3089943,Curva a Esquerda,-46.5
1770323683.351524,Curva a Esquerda,-47.0
1770323683.4145896,Curva a Esquerda,-48.5
1770323683.4693763,Curva a Esquerda,-49.5
1770323683.5210397,Curva a Esquerda,-50.0
1770323683.570068,Curva a Esquerda,-50.0
1770323683.6294932,Curva a Esquerda,-50.5
1770323683.672682,Curva a Esquerda,-51.0
1770323683.7196486,Curva a Esquerda,-51.0
1770323683.7712617,Curva a Esquerda,-51.0
1770323683.8355262,Curva a Esquerda,-51.0
1770323683.8910646,Curva a Esquerda,-50.5
1770323683.9402776,Curva a Esquerda,-50.0
1770323683.9850938,Curva a Esquerda,-49.5
1770323684.0575547,Curva a Esquerda,-49.5
1770323684.1217134,Curva a Esquerda,-49.0
1770323684.2055936,Curva a Esquerda,-49.0
1770323684.2706916,Curva a Esquerda,-49.0
1770323684.332063,Curva a Esquerda,-49.0
1770323684.4134135,Curva a Esquerda,-48.5
1770323684.472525,Curva a Esquerda,-48.0
1770323684.535611,Curva a Esquerda,-48.0
1770323684.6250982,Curva a Esquerda,-47.0
1770323684.6758413,Curva a Esquerda,-47.5
1770323684.7166398,Curva a Esquerda,-47.0
1770323684.7641227,Curva a Esquerda,-46.0
1770323684.8343844,Curva a Esquerda,-46.0
1770323684.883553,Curva a Esquerda,-45.5
1770323684.9427812,Curva a Esquerda,-45.0
1770323684.9858084,Curva a Esquerda,-45.0
1770323685.0333824,Curva a Esquerda,-44.5
1770323685.1046805,Curva a Esquerda,-44.5
1770323685.1930575,Curva a Esquerda,-44.0
1770323685.24564,Curva a Esquerda,-44.0
1770323685.312613,Curva a Esquerda,-44.0
1770323685.3765447,Curva a Esquerda,-44.0
1770323685.461968,Curva a Esquerda,-43.5
1770323685.520157,Curva a Esquerda,-44.0
1770323685.6032398,Curva a Esquerda,-44.0
1770323685.664742,Curva a Esquerda,-43.5
1770323685.7296882,Curva a Esquerda,-44.0
1770323685.8071623,Curva a Esquerda,-43.0
1770323685.860547,Curva a Esquerda,-42.5
1770323685.9301786,Curva a Esquerda,-41.5
1770323685.9977775,Curva a Esquerda,-40.5
1770323686.07608,Curva a Esquerda,-39.5
1770323686.1382623,Curva a Esquerda,-38.0
1770323686.1949685,Curva a Esquerda,-36.5
1770323686.241479,Curva a Esquerda,-35.5
1770323686.3122644,Curva a Esquerda,-34.5
1770323686.3732429,Curva a Esquerda,-33.0
1770323686.4443295,Curva a Esquerda,-31.5
1770323686.5123196,Curva a Esquerda,-30.5
1770323686.5717425,Curva a Esquerda,-29.0
1770323686.6436467,Curva a Esquerda,-27.5
1770323686.6973093,Curva a Esquerda,-26.5
1770323686.7656393,Curva a Esquerda,-25.5
1770323686.8140757,Curva a Esquerda,-24.0
1770323686.877831,Curva a Esquerda,-22.5
1770323686.92473,Curva a Esquerda,-21.0
1770323686.9730601,Curva a Esquerda,-19.5
1770323687.020015,Curva a Esquerda,-18.0
1770323687.066019,Curva a Esquerda,-17.0
1770323687.113627,Curva a Esquerda,-15.5
1770323687.1907218,Curva a Esquerda,-14.5
1770323687.245947,Curva a Esquerda,-13.5
1770323687.2992766,Curva a Esquerda,-12.5
1770323687.3523846,Curva a Esquerda,-11.5
1770323687.4178674,Curva a Esquerda,-10.5
1770323687.464587,Curva a Esquerda,-10.0
1770323687.511322,Curva a Esquerda,-9.0
1770323687.5635,Curva a Esquerda,-8.5
1770323687.606244,Curva a Esquerda,-7.0
1770323687.6547017,Curva a Esquerda,-6.5
1770323687.7299228,Curva a Esquerda,-5.5
1770323687.7876313,Curva a Esquerda,-5.0
1770323687.8562448,Curva a Esquerda,-4.5
1770323687.9380276,Curva a Esquerda,-4.0
1770323687.990905,Curva a Esquerda,-3.5
1770323688.0322914,Curva a Esquerda,-3.0
1770323688.079979,Curva a Esquerda,-2.5
1770323688.15077,Curva a Esquerda,-2.0
1770323688.2164526,Curva a Esquerda,-1.5
1770323688.2979777,Curva a Esquerda,-0.5
1770323688.3625724,Em frente,0.0
1770323688.4222639,Em frente,1.0
1770323688.5127068,Em frente,2.0
1770323688.5683265,Em frente,3.0
1770323688.6348083,Em frente,4.0
1770323688.6957617,Em frente,5.0
1770323688.74095,Em frente,5.5
1770323688.799795,Em frente,7.5
1770323688.853495,Curva a Direita,8.5
1770323688.90286,Curva a Direita,9.5
1770323688.9506838,Curva a Direita,10.5
1770323688.9939373,Curva a Direita,11.5
1770323689.041149,Curva a Direita,12.5
1770323689.1097617,Curva a Direita,14.0
1770323689.1631289,Curva a Direita,15.0
1770323689.2079926,Curva a Direita,16.0
1770323689.2656875,Curva a Direita,17.0
1770323689.3126576,Curva a Direita,18.5
1770323689.3630888,Curva a Direita,19.5
1770323689.4107015,Curva a Direita,21.0
1770323689.4635406,Curva a Direita,22.5
1770323689.5151935,Curva a Direita,23.5
1770323689.5639732,Curva a Direita,24.5
1770323689.613736,Curva a Direita,25.0
1770323689.660415,Curva a Direita,26.0
1770323689.7120686,Curva a Direita,27.5
1770323689.7558267,Curva a Direita,28.5
1770323689.8240445,Curva a Direita,30.0
1770323689.8900836,Curva a Direita,30.5
1770323689.9342074,Curva a Direita,31.5
1770323690.005323,Curva a Direita,32.5
1770323690.0568287,Curva a Direita,33.0
1770323690.1246133,Curva a Direita,33.5
1770323690.1934896,Curva a Direita,35.0
1770323690.2430406,Curva a Direita,35.5
1770323690.3057573,Curva a Direita,35.5
1770323690.3641856,Curva a Direita,36.0
1770323690.4111269,Curva a Direita,36.0
1770323690.48178,Curva a Direita,37.0
1770323690.5269704,Curva a Direita,37.0
1770323690.5804455,Curva a Direita,38.0
1770323690.6276674,Curva a Direita,38.0
1770323690.6787572,Curva a Direita,38.0
1770323690.7362118,Curva a Direita,38.5
1770323690.7834888,Curva a Direita,39.0
1770323690.833857,Curva a Direita,38.5
1770323690.8827624,Curva a Direita,39.0
1770323690.9310746,Curva a Direita,39.0
1770323690.9925804,Curva a Direita,38.5
1770323691.0464969,Curva a Direita,39.0
1770323691.0922356,Curva a Direita,38.5
1770323691.1386895,Curva a Direita,38.5
1770323691.2127311,Curva a Direita,38.0
1770323691.2844522,Curva a Direita,38.0
1770323691.342601,Curva a Direita,37.5
1770323691.4223306,Curva a Direita,37.5
1770323691.4716666,Curva a Direita,37.5
1770323691.5152395,Curva a Direita,36.5
1770323691.5727131,Curva a Direita,36.5
1770323691.6198757,Curva a Direita,36.0
1770323691.6713734,Curva a Direita,35.5
1770323691.723038,Curva a Direita,34.5
1770323691.773432,Curva a Direita,34.5
1770323691.8233387,Curva a Direita,33.5
1770323691.872194,Curva a Direita,32.5
1770323691.9240818,Curva a Direita,32.0
1770323691.9722934,Curva a Direita,31.0
1770323692.0207922,Curva a Direita,31.0
1770323692.0734887,Curva a Direita,30.0
1770323692.1237307,Curva a Direita,29.5
1770323692.1744893,Curva a Direita,28.0
1770323692.2247741,Curva a Direita,27.5
1770323692.2752702,Curva a Direita,26.5
1770323692.3294752,Curva a Direita,32.5
1770323692.403775,Curva a Direita,31.5
1770323692.4563725,Curva a Direita,30.5
1770323692.5072587,Curva a Direita,29.5
1770323692.559579,Curva a Direita,28.0
1770323692.610997,Curva a Direita,26.5
1770323692.6596048,Curva a Direita,25.5
1770323692.7073188,Curva a Direita,25.0
1770323692.7603114,Curva a Direita,23.5
1770323692.8085113,Curva a Direita,22.5
1770323692.8624947,Curva a Direita,15.5
1770323692.9093952,Curva a Direita,14.5
1770323692.95584,Curva a Direita,14.0
1770323693.008763,Curva a Direita,15.0
1770323693.056899,Curva a Direita,14.5
1770323693.112597,Curva a Direita,13.5
1770323693.1567507,Curva a Direita,12.5
1770323693.2031167,Curva a Direita,11.5
1770323693.2556376,Curva a Direita,10.5
1770323693.3044894,Curva a Direita,10.0
1770323693.3737576,Curva a Direita,9.0
1770323693.445308,Em frente,8.0
1770323693.5103116,Em frente,7.0
1770323693.5561948,Em frente,4.5
1770323693.6024663,Em frente,4.5
1770323693.66517,Em frente,4.0
1770323693.7060823,Em frente,4.0
1770323693.7575896,Em frente,4.0
1770323693.8084378,Em frente,4.5
1770323693.8733249,Em frente,4.5
1770323693.9241357,Em frente,5.5
1770323693.9812548,Em frente,6.0
1770323694.0231318,Em frente,6.0
1770323694.0865605,Em frente,6.5
1770323694.1437597,Em frente,6.5
1770323694.1956193,Em frente,7.0
1770323694.246408,Em frente,7.0
1770323694.2911875,Em frente,7.5
1770323694.360956,Em frente,7.5
1770323694.4086337,Em frente,7.5
1770323694.4677114,Em frente,7.5
1770323694.5320616,Em frente,8.0
1770323694.5826328,Em frente,8.0
1770323694.6389499,Curva a Direita,8.5
1770323694.686862,Em frente,8.0
1770323694.742923,Curva a Direita,8.5
1770323694.7965617,Curva a Direita,8.5
1770323694.8437748,Curva a Direita,9.0
1770323694.8919675,Curva a Direita,9.5
1770323694.9440804,Curva a Direita,9.5
1770323694.9890497,Curva a Direita,9.0
1770323695.0354571,Curva a Direita,9.5
1770323695.1098852,Curva a Direita,9.5
1770323695.172763,Curva a Direita,9.5
1770323695.237457,Curva a Direita,9.5
1770323695.321311,Curva a Direita,9.5
1770323695.3890414,Curva a Direita,9.5
1770323695.4604585,Curva a Direita,10.0
1770323695.5112362,Curva a Direita,10.0
1770323695.5811274,Curva a Direita,10.5
1770323695.6492698,Curva a Direita,11.0
1770323695.7017963,Curva a Direita,11.5
1770323695.747239,Curva a Direita,11.5
1770323695.7969642,Curva a Direita,12.0
1770323695.845374,Curva a Direita,13.0
1770323695.8971705,Curva a Direita,13.0
1770323695.9459126,Curva a Direita,13.0
1770323695.9973276,Curva a Direita,14.0
1770323696.0463185,Curva a Direita,14.0
1770323696.096753,Curva a Direita,14.5
1770323696.1486003,Curva a Direita,14.5
1770323696.1955543,Curva a Direita,14.0
1770323696.2431457,Curva a Direita,14.5
1770323696.2907083,Curva a Direita,14.5
1770323696.3364773,Curva a Direita,15.0
1770323696.386147,Curva a Direita,15.0
1770323696.4328938,Curva a Direita,14.5
1770323696.479618,Curva a Direita,14.0
1770323696.5493264,Curva a Direita,14.0
1770323696.5933347,Curva a Direita,13.0
1770323696.6416526,Curva a Direita,12.5
1770323696.684512,Curva a Direita,12.5
1770323696.7497602,Curva a Direita,12.0
1770323696.8123488,Curva a Direita,11.5
1770323696.8599098,Curva a Direita,11.5
1770323696.9094048,Curva a Direita,11.0
1770323696.9552922,Curva a Direita,10.5
1770323697.0025005,Curva a Direita,10.0
1770323697.0497482,Curva a Direita,9.0
1770323697.1094453,Curva a Direita,9.5
1770323697.1618643,Curva a Direita,8.5
1770323697.2199178,Em frente,7.5
1770323697.2768621,Em frente,6.5
1770323697.3234825,Em frente,6.0
1770323697.3660939,Em frente,5.0
1770323697.439641,Em frente,4.5
1770323697.5208771,Em frente,4.5
1770323697.578439,Em frente,3.5
1770323697.6286118,Em frente,3.5
1770323697.7053847,Em frente,3.5
1770323697.7562792,Em frente,3.5
1770323697.810087,Em frente,3.5
1770323697.8774104,Em frente,3.5
1770323697.9217432,Em frente,4.0
1770323697.967828,Em frente,4.0
1770323698.0416603,Em frente,5.0
1770323698.0961835,Em frente,5.5
1770323698.1461184,Em frente,6.0
1770323698.1936045,Em frente,6.5
1770323698.2435222,Em frente,6.5
1770323698.294907,Em frente,7.5
1770323698.3438034,Em frente,8.0
1770323698.3895626,Em frente,8.0
1770323698.4406157,Em frente,8.0
1770323698.4913335,Curva a Direita,8.5
1770323698.5460186,Em frente,8.0
1770323698.5954206,Em frente,8.0
1770323698.6400871,Curva a Direita,8.5
1770323698.6885889,Em frente,8.0
1770323698.754533,Curva a Direita,8.5
1770323698.8098931,Em frente,8.0
1770323698.8651881,Em frente,8.0
1770323698.9119685,Curva a Direita,8.5
1770323698.9590914,Curva a Direita,8.5
1770323699.0227852,Em frente,8.0
1770323699.075537,Curva a Direita,8.5
1770323699.1300616,Curva a Direita,8.5
1770323699.174984,Curva a Direita,9.0
1770323699.2259805,Curva a Direita,9.5
1770323699.274712,Curva a Direita,10.0
1770323699.327443,Curva a Direita,10.0
1770323699.3754478,Curva a Direita,10.0
1770323699.427281,Curva a Direita,10.5
1770323699.4768384,Curva a Direita,10.5
1770323699.5245843,Curva a Direita,10.5
1770323699.5793526,Curva a Direita,10.0
1770323699.6447027,Curva a Direita,10.0
1770323699.7100794,Curva a Direita,10.0
1770323699.7760558,Curva a Direita,9.5
1770323699.83271,Curva a Direita,9.0
1770323699.8859513,Curva a Direita,8.5
1770323699.9279819,Em frente,7.5
1770323699.9837298,Em frente,7.0
1770323700.0347567,Em frente,6.0
1770323700.0852156,Em frente,5.5
1770323700.1386058,Em frente,4.5
1770323700.1902306,Em frente,3.5
1770323700.2525468,Em frente,2.5
1770323700.3038363,Em frente,1.5
1770323700.3552415,Em frente,1.0
1770323700.408552,Em frente,0.0
1770323700.4729943,Curva a Esquerda,-0.5
1770323700.537298,Curva a Esquerda,-3.0
1770323700.5920694,Curva a Esquerda,-3.5
1770323700.6565433,Curva a Esquerda,-4.0
1770323700.7251544,Curva a Esquerda,-4.0
1770323700.7867525,Curva a Esquerda,-4.5
1770323700.835721,Curva a Esquerda,-5.5
1770323700.8869586,Curva a Esquerda,-6.5
1770323700.9365118,Curva a Esquerda,-7.5
1770323700.9869413,Curva a Esquerda,-9.0
1770323701.036524,Curva a Esquerda,-9.5
1770323701.082824,Curva a Esquerda,-9.0
1770323701.1318688,Curva a Esquerda,-9.0
1770323701.1790676,Curva a Esquerda,-10.0
1770323701.2286422,Curva a Esquerda,-12.0
1770323701.273867,Curva a Esquerda,-12.0
1770323701.330615,Curva a Esquerda,-13.0
1770323701.3866844,Curva a Esquerda,-13.5
1770323701.4342935,Curva a Esquerda,-13.5
1770323701.4839618,Curva a Esquerda,-14.0
1770323701.5369868,Curva a Esquerda,-14.0
1770323701.5896354,Curva a Esquerda,-16.0
1770323701.6382122,Curva a Esquerda,-16.0
1770323701.6891716,Curva a Esquerda,-17.5
1770323701.7410848,Curva a Esquerda,-18.0
1770323701.7918177,Curva a Esquerda,-19.5
1770323701.8410428,Curva a Esquerda,-20.5
1770323701.8889906,Curva a Esquerda,-22.0
1770323701.937317,Curva a Esquerda,-24.5
1770323701.9870782,Curva a Esquerda,-26.0
1770323702.0378764,Curva a Esquerda,-27.0
1770323702.0879896,Curva a Esquerda,-27.5
1770323702.1403718,Curva a Esquerda,-30.0
1770323702.1854174,Curva a Esquerda,-31.5
1770323702.240821,Curva a Esquerda,-32.0
1770323702.2899148,Curva a Esquerda,-32.5
1770323702.3375683,Curva a Esquerda,-32.0
1770323702.3993902,Curva a Esquerda,-32.0
1770323702.479713,Curva a Esquerda,-31.5
1770323702.542081,Curva a Esquerda,-30.5
1770323702.5895772,Curva a Esquerda,-31.0
1770323702.6475408,Curva a Esquerda,-31.0
1770323702.7012677,Curva a Esquerda,-30.0
1770323702.7695715,Curva a Esquerda,-29.5
1770323702.8188465,Curva a Esquerda,-30.0
1770323702.8763955,Curva a Esquerda,-30.5
1770323702.920885,Curva a Esquerda,-30.0
1770323702.9734917,Curva a Esquerda,-31.0
1770323703.0181065,Curva a Esquerda,-31.5
1770323703.0670924,Curva a Esquerda,-31.5
1770323703.1133952,Curva a Esquerda,-32.5
1770323703.1621852,Curva a Esquerda,-33.5
1770323703.2308314,Curva a Esquerda,-33.5
1770323703.2762494,Curva a Esquerda,-34.0
1770323703.3259087,Curva a Esquerda,-33.0
1770323703.3767934,Curva a Esquerda,-33.0
1770323703.4225905,Curva a Esquerda,-33.0
1770323703.471945,Curva a Esquerda,-32.5
1770323703.5231771,Curva a Esquerda,-32.0
1770323703.5734596,Curva a Esquerda,-32.0
1770323703.6231692,Curva a Esquerda,-31.5
1770323703.69163,Curva a Esquerda,-30.5
1770323703.7479818,Curva a Esquerda,-30.5
1770323703.7963068,Curva a Esquerda,-30.5
1770323704.0233436,Curva a Esquerda,-30.0
1770323704.0768745,Curva a Esquerda,-29.5
1770323704.1362257,Curva a Esquerda,-29.5
1770323704.1777377,Curva a Esquerda,-29.5
1770323704.2249205,Curva a Esquerda,-30.0
1770323704.2727578,Curva a Esquerda,-30.0
1770323704.319566,Curva a Esquerda,-29.5
1770323704.3674252,Curva a Esquerda,-30.0
1770323704.430889,Curva a Esquerda,-30.0
1770323704.4774492,Curva a Esquerda,-30.5
1770323704.5262306,Curva a Esquerda,-30.5
1770323704.58943,Curva a Esquerda,-30.5
1770323704.6415231,Curva a Esquerda,-30.0
1770323704.6855836,Curva a Esquerda,-30.5
1770323704.7317934,Curva a Esquerda,-30.5
1770323704.7937346,Curva a Esquerda,-30.0
1770323704.844059,Curva a Esquerda,-29.5
1770323704.9128077,Curva a Esquerda,-30.0
1770323704.9565263,Curva a Esquerda,-30.0
1770323705.0049944,Curva a Esquerda,-30.0
1770323705.0558639,Curva a Esquerda,-30.0
1770323705.0958374,Curva a Esquerda,-30.0
1770323705.1501029,Curva a Esquerda,-30.0
1770323705.214519,Curva a Esquerda,-30.0
1770323705.2619863,Curva a Esquerda,-30.0
1770323705.329385,Curva a Esquerda,-30.0
1770323705.3943987,Curva a Esquerda,-30.5
1770323705.4504466,Curva a Esquerda,-30.0
1770323705.4978054,Curva a Esquerda,-30.5
1770323705.546516,Curva a Esquerda,-30.0
1770323705.595984,Curva a Esquerda,-30.0
1770323705.6543393,Curva a Esquerda,-30.0
1770323705.700803,Curva a Esquerda,-30.0
1770323705.7491117,Curva a Esquerda,-30.0
1770323705.8104622,Curva a Esquerda,-29.0
1770323705.863391,Curva a Esquerda,-29.0
1770323705.9343014,Curva a Esquerda,-28.5
1770323705.994705,Curva a Esquerda,-28.5
1770323706.0597491,Curva a Esquerda,-28.0
1770323706.1250088,Curva a Esquerda,-28.0
1770323706.2169418,Curva a Esquerda,-27.0
1770323706.2661512,Curva a Esquerda,-27.0
1770323706.3161087,Curva a Esquerda,-27.0
1770323706.3660016,Curva a Esquerda,-27.0
1770323706.4158125,Curva a Esquerda,-26.5
1770323706.4677725,Curva a Esquerda,-26.5
1770323706.516612,Curva a Esquerda,-25.5
1770323706.5676215,Curva a Esquerda,-25.5
1770323706.6267748,Curva a Esquerda,-25.0
1770323706.6824906,Curva a Esquerda,-25.0
1770323706.7356439,Curva a Esquerda,-24.5
1770323706.8005936,Curva a Esquerda,-24.5
1770323706.852714,Curva a Esquerda,-24.0
1770323706.926398,Curva a Esquerda,-24.0
1770323706.9748042,Curva a Esquerda,-24.0
1770323707.0261853,Curva a Esquerda,-23.5
1770323707.0734575,Curva a Esquerda,-23.5
1770323707.122768,Curva a Esquerda,-23.5
1770323707.171204,Curva a Esquerda,-23.5
1770323707.2195368,Curva a Esquerda,-23.0
1770323707.2833257,Curva a Esquerda,-22.5
1770323707.3439655,Curva a Esquerda,-22.5
1770323707.4033558,Curva a Esquerda,-22.5
1770323707.4540896,Curva a Esquerda,-22.0
1770323707.5010853,Curva a Esquerda,-21.5
1770323707.5529876,Curva a Esquerda,-22.0
1770323707.617082,Curva a Esquerda,-21.5
1770323707.6810381,Curva a Esquerda,-21.0
1770323707.7274368,Curva a Esquerda,-20.5
1770323707.7924511,Curva a Esquerda,-21.0
1770323707.8400476,Curva a Esquerda,-21.0
1770323707.8860247,Curva a Esquerda,-21.5
1770323707.9527864,Curva a Esquerda,-21.5
1770323708.0066054,Curva a Esquerda,-21.0
1770323708.0562782,Curva a Esquerda,-21.0
1770323708.1062818,Curva a Esquerda,-21.0
1770323708.155074,Curva a Esquerda,-20.5
1770323708.2096703,Curva a Esquerda,-21.0
1770323708.2555363,Curva a Esquerda,-20.5
1770323708.3061953,Curva a Esquerda,-20.0
1770323708.359587,Curva a Esquerda,-20.0
1770323708.425618,Curva a Esquerda,-19.0
1770323708.49321,Curva a Esquerda,-19.0
1770323708.5416563,Curva a Esquerda,-19.0
1770323708.589908,Curva a Esquerda,-19.0
1770323708.6604881,Curva a Esquerda,-18.5
1770323708.7258685,Curva a Esquerda,-18.0
1770323708.7862349,Curva a Esquerda,-18.5
1770323708.8386383,Curva a Esquerda,-18.0
1770323708.8857324,Curva a Esquerda,-18.0
1770323708.9353695,Curva a Esquerda,-18.0
1770323708.9811578,Curva a Esquerda,-18.0
1770323709.062389,Curva a Esquerda,-18.0
1770323709.1089642,Curva a Esquerda,-18.0
1770323709.1740735,Curva a Esquerda,-18.0
1770323709.2240467,Curva a Esquerda,-17.5
1770323709.2813745,Curva a Esquerda,-18.0
1770323709.3310103,Curva a Esquerda,-17.5
1770323709.3778434,Curva a Esquerda,-18.0
1770323709.424794,Curva a Esquerda,-17.5
1770323709.4745414,Curva a Esquerda,-18.0
1770323709.5216112,Curva a Esquerda,-18.0
1770323709.5837216,Curva a Esquerda,-18.0
1770323709.6496146,Curva a Esquerda,-18.5
1770323709.6954658,Curva a Esquerda,-19.0
1770323709.7449374,Curva a Esquerda,-19.5
1770323709.8154485,Curva a Esquerda,-20.0
1770323709.8769915,Curva a Esquerda,-20.5
1770323709.9170227,Curva a Esquerda,-21.0
1770323709.989583,Curva a Esquerda,-22.0
1770323710.0550232,Curva a Esquerda,-22.5
1770323710.1378584,Curva a Esquerda,-23.5
1770323710.1971798,Curva a Esquerda,-24.0
1770323710.2603211,Curva a Esquerda,-25.0
1770323710.3275113,Curva a Esquerda,-25.5
1770323710.4083405,Curva a Esquerda,-26.0
1770323710.4669464,Curva a Esquerda,-26.5
1770323710.541998,Curva a Esquerda,-27.5
1770323710.590314,Curva a Esquerda,-27.5
1770323710.651428,Curva a Esquerda,-28.5
1770323710.6992102,Curva a Esquerda,-29.0
1770323710.7424593,Curva a Esquerda,-29.5
1770323710.7906015,Curva a Esquerda,-30.5
1770323710.8556936,Curva a Esquerda,-30.5
1770323710.9181998,Curva a Esquerda,-30.5
1770323710.9655137,Curva a Esquerda,-31.0
1770323711.0408351,Curva a Esquerda,-31.5
1770323711.105365,Curva a Esquerda,-31.5
1770323711.1660218,Curva a Esquerda,-32.0
1770323711.218979,Curva a Esquerda,-32.5
1770323711.266079,Curva a Esquerda,-33.0
1770323711.3134797,Curva a Esquerda,-33.5
1770323711.360831,Curva a Esquerda,-33.5
1770323711.4324348,Curva a Esquerda,-33.5
1770323711.4957438,Curva a Esquerda,-34.5
1770323711.561194,Curva a Esquerda,-34.5
1770323711.644779,Curva a Esquerda,-35.0
1770323711.706643,Curva a Esquerda,-35.5
1770323711.7582283,Curva a Esquerda,-35.5
1770323711.823225,Curva a Esquerda,-35.0
1770323711.8716047,Curva a Esquerda,-35.5
1770323711.9326477,Curva a Esquerda,-34.0
1770323711.9829748,Curva a Esquerda,-34.0
1770323712.0258636,Curva a Esquerda,-33.5
1770323712.0898416,Curva a Esquerda,-33.5
1770323712.1395223,Curva a Esquerda,-34.0
1770323712.1907046,Curva a Esquerda,-32.5
1770323712.2363083,Curva a Esquerda,-32.0
1770323712.2798061,Curva a Esquerda,-31.5
1770323712.3384824,Curva a Esquerda,-32.0
1770323712.4080229,Curva a Esquerda,-31.0
1770323712.455133,Curva a Esquerda,-30.5
1770323712.5029542,Curva a Esquerda,-30.0
1770323712.5744374,Curva a Esquerda,-29.5
1770323712.6342633,Curva a Esquerda,-29.0
1770323712.6841886,Curva a Esquerda,-28.0
1770323712.7540495,Curva a Esquerda,-28.0
1770323712.8152556,Curva a Esquerda,-27.0
1770323712.8686113,Curva a Esquerda,-26.0
1770323712.9241319,Curva a Esquerda,-25.5
1770323712.9802887,Curva a Esquerda,-24.5
1770323713.046769,Curva a Esquerda,-24.0
1770323713.0968113,Curva a Esquerda,-23.5
1770323713.1760387,Curva a Esquerda,-23.0
1770323713.244921,Curva a Esquerda,-22.0
1770323713.3118985,Curva a Esquerda,-21.5
1770323713.358923,Curva a Esquerda,-21.5
1770323713.406156,Curva a Esquerda,-21.0
1770323713.4691598,Curva a Esquerda,-20.0
1770323713.5168092,Curva a Esquerda,-20.0
1770323713.5936139,Curva a Esquerda,-20.0
1770323713.65337,Curva a Esquerda,-19.5
1770323713.718459,Curva a Esquerda,-19.5
1770323713.7715402,Curva a Esquerda,-19.5
1770323713.8170788,Curva a Esquerda,-19.0
1770323713.8661363,Curva a Esquerda,-18.5
1770323713.912154,Curva a Esquerda,-19.0
1770323713.9830277,Curva a Esquerda,-18.5
1770323714.0336976,Curva a Esquerda,-18.5
1770323714.1156237,Curva a Esquerda,-18.0
1770323714.1688237,Curva a Esquerda,-17.5
1770323714.2412531,Curva a Esquerda,-17.5
1770323714.3075001,Curva a Esquerda,-17.5
1770323714.3894827,Curva a Esquerda,-17.5
1770323714.440522,Curva a Esquerda,-17.0
1770323714.4861178,Curva a Esquerda,-17.5
1770323714.5318806,Curva a Esquerda,-17.5
1770323714.5795608,Curva a Esquerda,-17.5
1770323714.6589158,Curva a Esquerda,-18.0
1770323714.7213519,Curva a Esquerda,-18.0
1770323714.7870815,Curva a Esquerda,-18.5
1770323714.8418748,Curva a Esquerda,-18.5
1770323714.8854282,Curva a Esquerda,-19.5
1770323714.9295194,Curva a Esquerda,-19.5
1770323714.9767582,Curva a Esquerda,-20.0
1770323715.0494106,Curva a Esquerda,-20.0
1770323715.1130662,Curva a Esquerda,-20.5
1770323715.199563,Curva a Esquerda,-20.5
1770323715.2480438,Curva a Esquerda,-20.0
1770323715.2942178,Curva a Esquerda,-20.5
1770323715.3440182,Curva a Esquerda,-20.5
1770323715.432108,Curva a Esquerda,-18.5
1770323715.4857776,Curva a Esquerda,-16.0
1770323715.5618472,Curva a Esquerda,-13.5
1770323715.6252296,Curva a Esquerda,-11.5
1770323715.70367,Curva a Esquerda,-9.0
1770323715.7622437,Curva a Esquerda,-7.0
1770323715.8229535,Curva a Esquerda,-5.0
1770323715.866144,Curva a Esquerda,-3.5
1770323715.9131234,Curva a Esquerda,-1.5
1770323715.962521,Em frente,0.5
1770323716.036048,Em frente,0.5
1770323716.0975149,Em frente,0.0
1770323716.1435933,Em frente,0.5
1770323716.1851568,Em frente,0.5
1770323716.2329369,Em frente,0.5
1770323716.3038352,Em frente,0.5
1770323716.3482099,Em frente,0.5
1770323716.39503,Em frente,0.5
1770323716.4379103,Em frente,0.5
1770323716.5171084,Em frente,0.5
1770323716.5750651,Em frente,0.5
1770323716.660481,Em frente,0.5
1770323716.7146757,Em frente,0.5
1770323716.7553856,Em frente,0.5
1770323716.804512,Em frente,0.5
1770323716.8653026,Em frente,0.5
1770323716.93079,Em frente,0.5
1770323716.9806507,Em frente,0.5
1770323717.0524905,Em frente,0.5
1770323717.106376,Em frente,0.5
1770323717.170064,Em frente,0.5
1770323717.2195003,Em frente,0.5
1770323717.2835405,Em frente,0.5
1770323717.3471253,Em frente,0.5
1770323717.3938253,Em frente,0.5
1770323717.4398475,Em frente,0.5
1770323717.5089703,Em frente,0.5
1770323717.5543435,Em frente,0.5
1770323717.5962362,Em frente,0.5
1770323717.675793,Em frente,0.5
1770323717.736894,Em frente,0.5
1770323717.8181098,Em frente,0.5
1770323717.8770926,Em frente,0.5
1770323717.9618223,Em frente,0.5
1770323718.0300157,Em frente,0.5
1770323718.081276,Curva a Esquerda,-1.0
1770323718.1422567,Curva a Esquerda,-1.0
